title,completed,user_id
complete project documentation,false,bac116c9-d1ae-4f2a-b8e8-0ace7970a709
review pull requests,false,bac116c9-d1ae-4f2a-b8e8-0ace7970a709
update api endpoints,true,bac116c9-d1ae-4f2a-b8e8-0ace7970a709
write unit tests,false,bac116c9-d1ae-4f2a-b8e8-0ace7970a709
fix authentication bug,true,bac116c9-d1ae-4f2a-b8e8-0ace7970a709
implement rate limiting,false,bac116c9-d1ae-4f2a-b8e8-0ace7970a709
deploy to production,false,bac116c9-d1ae-4f2a-b8e8-0ace7970a709
configure ci/cd pipeline,true,bac116c9-d1ae-4f2a-b8e8-0ace7970a709
optimize database queries,false,bac116c9-d1ae-4f2a-b8e8-0ace7970a709
create docker compose file,true,bac116c9-d1ae-4f2a-b8e8-0ace7970a709
setup monitoring system,false,bac116c9-d1ae-4f2a-b8e8-0ace7970a709
refactor middleware logic,false,bac116c9-d1ae-4f2a-b8e8-0ace7970a709
add swagger documentation,true,bac116c9-d1ae-4f2a-b8e8-0ace7970a709
implement error handling,true,bac116c9-d1ae-4f2a-b8e8-0ace7970a709
setup environment variables,true,bac116c9-d1ae-4f2a-b8e8-0ace7970a709
create user authentication flow,false,bac116c9-d1ae-4f2a-b8e8-0ace7970a709
add input validation middleware,true,bac116c9-d1ae-4f2a-b8e8-0ace7970a709
configure cors policies,true,bac116c9-d1ae-4f2a-b8e8-0ace7970a709
implement password reset feature,false,bac116c9-d1ae-4f2a-b8e8-0ace7970a709
setup redis caching layer,false,bac116c9-d1ae-4f2a-b8e8-0ace7970a709
add email notifications,false,bac116c9-d1ae-4f2a-b8e8-0ace7970a709
create admin dashboard,false,bac116c9-d1ae-4f2a-b8e8-0ace7970a709
implement file upload system,false,bac116c9-d1ae-4f2a-b8e8-0ace7970a709
add search functionality,false,bac116c9-d1ae-4f2a-b8e8-0ace7970a709
setup backup automation,true,bac116c9-d1ae-4f2a-b8e8-0ace7970a709
configure ssl certificates,true,bac116c9-d1ae-4f2a-b8e8-0ace7970a709
implement two factor authentication,false,bac116c9-d1ae-4f2a-b8e8-0ace7970a709
add analytics tracking,false,bac116c9-d1ae-4f2a-b8e8-0ace7970a709
create api versioning system,true,bac116c9-d1ae-4f2a-b8e8-0ace7970a709
setup load balancer,false,bac116c9-d1ae-4f2a-b8e8-0ace7970a709
implement webhook system,false,bac116c9-d1ae-4f2a-b8e8-0ace7970a709
add pagination to endpoints,true,bac116c9-d1ae-4f2a-b8e8-0ace7970a709
configure database migrations,true,bac116c9-d1ae-4f2a-b8e8-0ace7970a709
implement soft delete functionality,false,bac116c9-d1ae-4f2a-b8e8-0ace7970a709
add data export feature,false,bac116c9-d1ae-4f2a-b8e8-0ace7970a709
setup logging infrastructure,true,bac116c9-d1ae-4f2a-b8e8-0ace7970a709
create audit trail system,false,bac116c9-d1ae-4f2a-b8e8-0ace7970a709
implement role based access control,false,bac116c9-d1ae-4f2a-b8e8-0ace7970a709
add api throttling mechanism,true,bac116c9-d1ae-4f2a-b8e8-0ace7970a709
configure health check endpoints,true,bac116c9-d1ae-4f2a-b8e8-0ace7970a709
implement request validation,true,bac116c9-d1ae-4f2a-b8e8-0ace7970a709
add integration tests,false,bac116c9-d1ae-4f2a-b8e8-0ace7970a709
setup performance monitoring,false,bac116c9-d1ae-4f2a-b8e8-0ace7970a709
create database indexes,true,bac116c9-d1ae-4f2a-b8e8-0ace7970a709
implement batch processing,false,bac116c9-d1ae-4f2a-b8e8-0ace7970a709
add real time notifications,false,bac116c9-d1ae-4f2a-b8e8-0ace7970a709
configure auto scaling,false,bac116c9-d1ae-4f2a-b8e8-0ace7970a709
implement graphql endpoint,false,bac116c9-d1ae-4f2a-b8e8-0ace7970a709
add data validation rules,true,bac116c9-d1ae-4f2a-b8e8-0ace7970a709
setup automated testing,true,bac116c9-d1ae-4f2a-b8e8-0ace7970a709
create api gateway,false,bac116c9-d1ae-4f2a-b8e8-0ace7970a709
implement session management,true,bac116c9-d1ae-4f2a-b8e8-0ace7970a709
add multi language support,false,bac116c9-d1ae-4f2a-b8e8-0ace7970a709
configure cdn integration,false,bac116c9-d1ae-4f2a-b8e8-0ace7970a709
implement data encryption,true,bac116c9-d1ae-4f2a-b8e8-0ace7970a709
add scheduled jobs system,false,bac116c9-d1ae-4f2a-b8e8-0ace7970a709
setup error tracking service,true,bac116c9-d1ae-4f2a-b8e8-0ace7970a709
create documentation portal,false,bac116c9-d1ae-4f2a-b8e8-0ace7970a709
implement api key management,false,bac116c9-d1ae-4f2a-b8e8-0ace7970a709
add data archiving system,false,bac116c9-d1ae-4f2a-b8e8-0ace7970a709
configure disaster recovery,false,bac116c9-d1ae-4f2a-b8e8-0ace7970a709
implement microservices architecture,false,bac116c9-d1ae-4f2a-b8e8-0ace7970a709
add compliance reporting,false,bac116c9-d1ae-4f2a-b8e8-0ace7970a709
setup kubernetes cluster,false,bac116c9-d1ae-4f2a-b8e8-0ace7970a709
create service mesh,false,bac116c9-d1ae-4f2a-b8e8-0ace7970a709
implement circuit breaker pattern,false,bac116c9-d1ae-4f2a-b8e8-0ace7970a709
add feature flags system,false,bac116c9-d1ae-4f2a-b8e8-0ace7970a709
configure blue green deployment,false,bac116c9-d1ae-4f2a-b8e8-0ace7970a709
implement saga pattern,false,bac116c9-d1ae-4f2a-b8e8-0ace7970a709
add api documentation generator,true,bac116c9-d1ae-4f2a-b8e8-0ace7970a709
setup container orchestration,false,bac116c9-d1ae-4f2a-b8e8-0ace7970a709
create performance benchmarks,false,bac116c9-d1ae-4f2a-b8e8-0ace7970a709
implement event sourcing,false,bac116c9-d1ae-4f2a-b8e8-0ace7970a709
add message queue system,false,bac116c9-d1ae-4f2a-b8e8-0ace7970a709
configure secrets management,true,bac116c9-d1ae-4f2a-b8e8-0ace7970a709
implement distributed tracing,false,bac116c9-d1ae-4f2a-b8e8-0ace7970a709
add code coverage reporting,true,bac116c9-d1ae-4f2a-b8e8-0ace7970a709
setup infrastructure as code,false,bac116c9-d1ae-4f2a-b8e8-0ace7970a709
create chaos engineering tests,false,bac116c9-d1ae-4f2a-b8e8-0ace7970a709
implement service discovery,false,bac116c9-d1ae-4f2a-b8e8-0ace7970a709
add security scanning tools,true,bac116c9-d1ae-4f2a-b8e8-0ace7970a709
configure network policies,false,bac116c9-d1ae-4f2a-b8e8-0ace7970a709
implement streaming data pipeline,false,bac116c9-d1ae-4f2a-b8e8-0ace7970a709
add cost optimization monitoring,false,bac116c9-d1ae-4f2a-b8e8-0ace7970a709
setup vulnerability scanning,true,bac116c9-d1ae-4f2a-b8e8-0ace7970a709
create developer onboarding guide,false,bac116c9-d1ae-4f2a-b8e8-0ace7970a709
implement api mocking service,false,bac116c9-d1ae-4f2a-b8e8-0ace7970a709
add performance profiling,false,bac116c9-d1ae-4f2a-b8e8-0ace7970a709
configure dependency injection,true,bac116c9-d1ae-4f2a-b8e8-0ace7970a709
implement clean architecture,false,bac116c9-d1ae-4f2a-b8e8-0ace7970a709
add contract testing,false,bac116c9-d1ae-4f2a-b8e8-0ace7970a709
setup observability platform,false,bac116c9-d1ae-4f2a-b8e8-0ace7970a709
create runbook documentation,false,bac116c9-d1ae-4f2a-b8e8-0ace7970a709
implement graceful shutdown,true,bac116c9-d1ae-4f2a-b8e8-0ace7970a709
